datetime,timestamp,tokens,consommation_co2_g,consommation_eau_L,consommation_electricite_kWh,usage
2025-01-01 00:00:00,1735689600,3677,196.88,1.42,0.5064,cours
2025-01-01 00:15:00,1735690500,399,14.85,0.08,0.0345,autre
2025-01-01 00:30:00,1735691400,914,39.65,0.18,0.0901,autre
2025-01-01 00:45:00,1735692300,4110,115.21,0.84,0.3111,cours
2025-01-01 01:00:00,1735693200,4059,157.61,1.02,0.4419,cours
2025-01-01 01:15:00,1735694100,4580,165.31,0.61,0.3776,cours
2025-01-01 01:30:00,1735695000,4333,129.02,0.78,0.3317,cours
2025-01-01 01:45:00,1735695900,937,38.37,0.27,0.0949,autre
2025-01-01 02:00:00,1735696800,778,21.01,0.1,0.047,autre
2025-01-01 02:15:00,1735697700,301,6.51,0.04,0.0182,autre
2025-01-01 02:30:00,1735698600,3929,126.36,0.52,0.3046,cours
2025-01-01 02:45:00,1735699500,862,19.39,0.09,0.0543,autre
2025-01-01 03:00:00,1735700400,881,23.44,0.13,0.0605,autre
2025-01-01 03:15:00,1735701300,2223,83.34,0.46,0.1936,cours
2025-01-01 03:30:00,1735702200,2418,118.13,0.49,0.3003,cours
2025-01-01 03:45:00,1735703100,4553,216.56,1.4,0.4815,cours
2025-01-01 04:00:00,1735704000,3460,141.87,0.92,0.3495,cours
2025-01-01 04:15:00,1735704900,4181,133.37,0.83,0.349,cours
2025-01-01 04:30:00,1735705800,3528,176.58,1.3,0.4747,cours
2025-01-01 04:45:00,1735706700,3529,124.69,0.52,0.3238,cours
2025-01-01 05:00:00,1735707600,1081,28.03,0.16,0.0724,autre
2025-01-01 05:15:00,1735708500,2983,116.42,0.8,0.3262,cours
2025-01-01 05:30:00,1735709400,3596,96.16,0.68,0.2485,cours
2025-01-01 05:45:00,1735710300,3037,105.49,0.71,0.2661,cours
2025-01-01 06:00:00,1735711200,3065,130.19,0.59,0.3083,cours
2025-01-01 06:15:00,1735712100,707,38.19,0.27,0.0919,autre
2025-01-01 06:30:00,1735713000,3722,155.84,0.62,0.3703,cours
2025-01-01 06:45:00,1735713900,3021,123.14,0.99,0.351,cours
2025-01-01 07:00:00,1735714800,4755,246.47,1.96,0.663,cours
2025-01-01 07:15:00,1735715700,2605,76.45,0.32,0.1837,cours
2025-01-01 07:30:00,1735716600,743,24.27,0.16,0.0609,autre
2025-01-01 07:45:00,1735717500,3060,98.22,0.44,0.2802,cours
2025-01-01 08:00:00,1735718400,4946,199.59,0.98,0.4637,cours
2025-01-01 08:15:00,1735719300,858,34.05,0.18,0.0797,autre
2025-01-01 08:30:00,1735720200,1109,59.54,0.35,0.1471,autre
2025-01-01 08:45:00,1735721100,354,14.79,0.12,0.0415,autre
2025-01-01 09:00:00,1735722000,3767,174.59,1.03,0.4092,cours
2025-01-01 09:15:00,1735722900,4389,151.9,0.83,0.372,cours
2025-01-01 09:30:00,1735723800,824,44.42,0.28,0.1037,autre
2025-01-01 09:45:00,1735724700,4565,264.75,1.82,0.6227,cours
2025-01-01 10:00:00,1735725600,2982,161.29,0.57,0.3748,cours
2025-01-01 10:15:00,1735726500,4909,118.59,0.88,0.2952,cours
2025-01-01 10:30:00,1735727400,5798,234.1,1.05,0.6431,cours
2025-01-01 10:45:00,1735728300,691,18.47,0.12,0.0443,autre
2025-01-01 11:00:00,1735729200,3054,101.44,0.47,0.2462,cours
2025-01-01 11:15:00,1735730100,1236,33.96,0.14,0.08,autre
2025-01-01 11:30:00,1735731000,5079,201.87,1.19,0.5501,cours
2025-01-01 11:45:00,1735731900,2977,126.42,0.84,0.3421,cours
2025-01-01 12:00:00,1735732800,3079,93.49,0.44,0.2129,cours
2025-01-01 12:15:00,1735733700,3218,124.05,0.46,0.2919,cours
2025-01-01 12:30:00,1735734600,396,16.85,0.09,0.0382,autre
2025-01-01 12:45:00,1735735500,524,19.98,0.13,0.0469,autre
2025-01-01 13:00:00,1735736400,498,14.22,0.07,0.0347,autre
2025-01-01 13:15:00,1735737300,569,22.1,0.1,0.0532,autre
2025-01-01 13:30:00,1735738200,3465,182.64,0.9,0.4161,cours
2025-01-01 13:45:00,1735739100,870,23.31,0.09,0.0571,autre
2025-01-01 14:00:00,1735740000,5050,138.6,0.92,0.3354,cours
2025-01-01 14:15:00,1735740900,2501,80.82,0.61,0.221,cours
2025-01-01 14:30:00,1735741800,4484,241.16,1.45,0.6069,cours
2025-01-01 14:45:00,1735742700,3286,157.24,0.76,0.3729,cours
2025-01-01 15:00:00,1735743600,3450,148.69,1.06,0.3943,cours
2025-01-01 15:15:00,1735744500,4174,137.46,0.87,0.3713,cours
2025-01-01 15:30:00,1735745400,463,18.98,0.14,0.0498,autre
2025-01-01 15:45:00,1735746300,3882,88.32,0.58,0.2361,cours
2025-01-01 16:00:00,1735747200,3666,151.02,1.09,0.4065,cours
2025-01-01 16:15:00,1735748100,3992,208.48,1.27,0.5312,cours
2025-01-01 16:30:00,1735749000,3789,182.05,0.88,0.413,cours
2025-01-01 16:45:00,1735749900,1536,79.95,0.59,0.1995,autre
2025-01-01 17:00:00,1735750800,2862,124.46,0.78,0.3375,cours
2025-01-01 17:15:00,1735751700,640,15.94,0.11,0.0446,autre
2025-01-01 17:30:00,1735752600,613,34.0,0.15,0.081,autre
2025-01-01 17:45:00,1735753500,2944,74.66,0.47,0.1923,cours
2025-01-01 18:00:00,1735754400,2862,127.05,0.69,0.294,cours
2025-01-01 18:15:00,1735755300,1156,34.32,0.15,0.0825,autre
2025-01-01 18:30:00,1735756200,1226,32.1,0.12,0.0747,autre
2025-01-01 18:45:00,1735757100,628,22.21,0.14,0.0589,autre
2025-01-01 19:00:00,1735758000,550,19.28,0.12,0.046,autre
2025-01-01 19:15:00,1735758900,3971,147.8,0.9,0.3927,cours
2025-01-01 19:30:00,1735759800,2947,138.9,0.58,0.3129,cours
2025-01-01 19:45:00,1735760700,4132,108.53,0.66,0.2624,cours
2025-01-01 20:00:00,1735761600,860,22.97,0.1,0.0601,autre
2025-01-01 20:15:00,1735762500,345,13.61,0.08,0.0361,autre
2025-01-01 20:30:00,1735763400,5047,162.91,0.77,0.4414,cours
2025-01-01 20:45:00,1735764300,5295,262.83,1.11,0.6266,cours
2025-01-01 21:00:00,1735765200,2887,120.44,0.58,0.3239,cours
2025-01-01 21:15:00,1735766100,3112,162.68,0.83,0.3972,cours
2025-01-01 21:30:00,1735767000,885,38.45,0.16,0.1021,autre
2025-01-01 21:45:00,1735767900,900,35.36,0.18,0.085,autre
2025-01-01 22:00:00,1735768800,997,48.97,0.26,0.1135,autre
2025-01-01 22:15:00,1735769700,5510,193.36,1.01,0.452,cours
2025-01-01 22:30:00,1735770600,3323,119.65,0.58,0.2808,cours
2025-01-01 22:45:00,1735771500,560,25.43,0.19,0.0689,autre
2025-01-01 23:00:00,1735772400,386,13.26,0.06,0.0369,autre
2025-01-01 23:15:00,1735773300,2769,144.02,0.77,0.343,cours
2025-01-01 23:30:00,1735774200,790,38.44,0.16,0.0994,autre
2025-01-01 23:45:00,1735775100,5294,267.73,1.09,0.6808,cours
2025-01-02 00:00:00,1735776000,2982,140.4,0.94,0.3976,cours
2025-01-02 00:15:00,1735776900,3723,132.24,0.83,0.3517,cours
2025-01-02 00:30:00,1735777800,3483,105.24,0.84,0.2978,cours
2025-01-02 00:45:00,1735778700,4688,218.8,1.17,0.4996,cours
2025-01-02 01:00:00,1735779600,6026,202.33,1.59,0.5405,cours
2025-01-02 01:15:00,1735780500,640,28.07,0.11,0.0692,autre
2025-01-02 01:30:00,1735781400,3010,124.04,0.58,0.3505,cours
2025-01-02 01:45:00,1735782300,4544,217.88,0.82,0.5229,cours
2025-01-02 02:00:00,1735783200,1004,34.53,0.16,0.0903,autre
2025-01-02 02:15:00,1735784100,5346,172.45,0.91,0.3921,cours
2025-01-02 02:30:00,1735785000,4083,169.21,0.95,0.3856,cours
2025-01-02 02:45:00,1735785900,692,18.9,0.08,0.0494,autre
2025-01-02 03:00:00,1735786800,4090,236.17,1.57,0.5366,cours
2025-01-02 03:15:00,1735787700,4608,181.64,1.12,0.404,cours
2025-01-02 03:30:00,1735788600,4320,135.2,0.61,0.3126,cours
2025-01-02 03:45:00,1735789500,4007,108.0,0.4,0.2486,cours
2025-01-02 04:00:00,1735790400,1120,46.89,0.22,0.1251,autre
2025-01-02 04:15:00,1735791300,1150,52.02,0.22,0.1276,autre
2025-01-02 04:30:00,1735792200,1214,37.78,0.18,0.1059,autre
2025-01-02 04:45:00,1735793100,994,23.49,0.15,0.0653,autre
2025-01-02 05:00:00,1735794000,749,31.26,0.13,0.0695,autre
2025-01-02 05:15:00,1735794900,3646,118.45,0.63,0.3095,cours
2025-01-02 05:30:00,1735795800,1161,56.31,0.4,0.1326,autre
2025-01-02 05:45:00,1735796700,2683,125.33,0.74,0.291,cours
2025-01-02 06:00:00,1735797600,910,35.36,0.24,0.0811,autre
2025-01-02 06:15:00,1735798500,681,23.72,0.09,0.0527,autre
2025-01-02 06:30:00,1735799400,3528,183.54,1.02,0.4905,cours
2025-01-02 06:45:00,1735800300,4778,162.93,1.07,0.4602,cours
2025-01-02 07:00:00,1735801200,3691,166.11,0.69,0.4247,cours
2025-01-02 07:15:00,1735802100,3546,91.71,0.38,0.2526,cours
2025-01-02 07:30:00,1735803000,392,13.65,0.1,0.0387,autre
2025-01-02 07:45:00,1735803900,1023,24.57,0.16,0.0636,autre
2025-01-02 08:00:00,1735804800,4145,178.34,0.88,0.4163,cours
2025-01-02 08:15:00,1735805700,5663,315.75,1.74,0.7765,cours
2025-01-02 08:30:00,1735806600,3192,110.43,0.61,0.2896,cours
2025-01-02 08:45:00,1735807500,3719,97.52,0.36,0.2347,cours
2025-01-02 09:00:00,1735808400,3749,87.41,0.47,0.2342,cours
2025-01-02 09:15:00,1735809300,5077,162.44,0.82,0.4622,cours
2025-01-02 09:30:00,1735810200,771,23.94,0.09,0.0561,autre
2025-01-02 09:45:00,1735811100,3779,96.41,0.69,0.2338,cours
2025-01-02 10:00:00,1735812000,4107,210.93,1.19,0.4949,cours
2025-01-02 10:15:00,1735812900,855,29.25,0.21,0.0827,autre
2025-01-02 10:30:00,1735813800,3053,110.09,0.5,0.2538,cours
2025-01-02 10:45:00,1735814700,858,46.66,0.24,0.1133,autre
2025-01-02 11:00:00,1735815600,1122,31.59,0.14,0.0777,autre
2025-01-02 11:15:00,1735816500,2473,139.21,0.56,0.3375,cours
2025-01-02 11:30:00,1735817400,3632,134.92,0.55,0.3091,cours
2025-01-02 11:45:00,1735818300,2799,149.94,0.99,0.3669,cours
2025-01-02 12:00:00,1735819200,4695,207.38,1.28,0.5082,cours
2025-01-02 12:15:00,1735820100,1976,111.93,0.58,0.2492,cours
2025-01-02 12:30:00,1735821000,632,37.32,0.19,0.0877,autre
2025-01-02 12:45:00,1735821900,3877,126.97,0.93,0.3221,cours
2025-01-02 13:00:00,1735822800,5065,291.72,1.12,0.6934,cours
2025-01-02 13:15:00,1735823700,3434,121.75,0.6,0.313,cours
2025-01-02 13:30:00,1735824600,633,21.44,0.12,0.0575,autre
2025-01-02 13:45:00,1735825500,5381,192.3,1.25,0.4694,cours
2025-01-02 14:00:00,1735826400,2051,93.83,0.63,0.2119,cours
2025-01-02 14:15:00,1735827300,1301,41.68,0.18,0.0941,cours
2025-01-02 14:30:00,1735828200,932,37.35,0.27,0.0972,autre
2025-01-02 14:45:00,1735829100,2997,124.74,0.85,0.3097,cours
2025-01-02 15:00:00,1735830000,493,22.13,0.11,0.0596,autre
2025-01-02 15:15:00,1735830900,1012,57.64,0.27,0.1282,autre
2025-01-02 15:30:00,1735831800,3743,159.74,0.75,0.3565,cours
2025-01-02 15:45:00,1735832700,630,22.01,0.16,0.053,autre
2025-01-02 16:00:00,1735833600,2219,77.13,0.32,0.1792,cours
2025-01-02 16:15:00,1735834500,1061,33.8,0.22,0.0802,autre
2025-01-02 16:30:00,1735835400,995,26.31,0.13,0.0643,autre
2025-01-02 16:45:00,1735836300,3400,105.59,0.77,0.2971,cours
2025-01-02 17:00:00,1735837200,5346,172.56,0.93,0.4363,cours
2025-01-02 17:15:00,1735838100,478,27.4,0.16,0.0656,autre
2025-01-02 17:30:00,1735839000,1974,86.27,0.57,0.2065,cours
2025-01-02 17:45:00,1735839900,2808,95.47,0.67,0.2465,cours
2025-01-02 18:00:00,1735840800,3454,163.29,1.03,0.3676,cours
2025-01-02 18:15:00,1735841700,3743,97.65,0.42,0.2663,cours
2025-01-02 18:30:00,1735842600,727,27.78,0.18,0.0694,autre
2025-01-02 18:45:00,1735843500,3852,177.74,0.73,0.4241,cours
2025-01-02 19:00:00,1735844400,2248,93.51,0.47,0.2228,cours
2025-01-02 19:15:00,1735845300,4943,188.95,1.06,0.4555,cours
2025-01-02 19:30:00,1735846200,775,40.82,0.23,0.1081,autre
2025-01-02 19:45:00,1735847100,4617,220.17,1.37,0.6022,cours
2025-01-02 20:00:00,1735848000,902,40.99,0.3,0.0991,autre
2025-01-02 20:15:00,1735848900,3956,171.17,0.71,0.4176,cours
2025-01-02 20:30:00,1735849800,970,39.13,0.27,0.1064,autre
2025-01-02 20:45:00,1735850700,3947,126.32,0.63,0.3004,cours
2025-01-02 21:00:00,1735851600,4142,150.08,0.64,0.3795,cours
2025-01-02 21:15:00,1735852500,4829,127.11,0.53,0.305,cours
2025-01-02 21:30:00,1735853400,858,36.49,0.25,0.0841,autre
2025-01-02 21:45:00,1735854300,1012,38.42,0.3,0.1047,autre
2025-01-02 22:00:00,1735855200,3410,93.87,0.76,0.2667,cours
2025-01-02 22:15:00,1735856100,1232,72.29,0.5,0.1689,autre
2025-01-02 22:30:00,1735857000,597,32.57,0.14,0.0793,autre
2025-01-02 22:45:00,1735857900,5300,262.14,1.27,0.6242,cours
2025-01-02 23:00:00,1735858800,3459,154.06,0.89,0.3551,cours
2025-01-02 23:15:00,1735859700,2069,115.37,0.6,0.2681,cours
2025-01-02 23:30:00,1735860600,3628,114.02,0.54,0.2556,cours
2025-01-02 23:45:00,1735861500,595,29.59,0.15,0.0733,autre
2025-01-03 00:00:00,1735862400,1052,29.37,0.18,0.0736,autre
2025-01-03 00:15:00,1735863300,604,29.11,0.18,0.0746,autre
2025-01-03 00:30:00,1735864200,3053,91.54,0.44,0.2505,cours
2025-01-03 00:45:00,1735865100,1610,85.35,0.46,0.2096,cours
2025-01-03 01:00:00,1735866000,664,33.99,0.21,0.09,autre
2025-01-03 01:15:00,1735866900,72,2.29,0.01,0.0052,autre
2025-01-03 01:30:00,1735867800,324,12.83,0.06,0.0314,autre
2025-01-03 01:45:00,1735868700,1028,58.26,0.37,0.1424,autre
2025-01-03 02:00:00,1735869600,1035,39.37,0.16,0.1021,autre
2025-01-03 02:15:00,1735870500,3925,179.96,1.03,0.5067,cours
2025-01-03 02:30:00,1735871400,2533,95.81,0.72,0.2713,cours
2025-01-03 02:45:00,1735872300,785,27.73,0.17,0.0707,autre
2025-01-03 03:00:00,1735873200,798,23.7,0.13,0.0661,autre
2025-01-03 03:15:00,1735874100,2341,73.32,0.45,0.1785,cours
2025-01-03 03:30:00,1735875000,5003,265.08,1.42,0.6051,cours
2025-01-03 03:45:00,1735875900,1063,42.36,0.26,0.0967,autre
2025-01-03 04:00:00,1735876800,3279,137.61,0.86,0.3309,cours
2025-01-03 04:15:00,1735877700,3526,130.05,0.85,0.3504,cours
2025-01-03 04:30:00,1735878600,3708,171.78,0.88,0.3937,cours
2025-01-03 04:45:00,1735879500,187,10.6,0.04,0.0242,autre
2025-01-03 05:00:00,1735880400,725,37.11,0.19,0.1004,autre
2025-01-03 05:15:00,1735881300,2818,110.58,0.56,0.261,cours
2025-01-03 05:30:00,1735882200,499,23.85,0.15,0.063,autre
2025-01-03 05:45:00,1735883100,3218,167.76,0.89,0.3899,cours
2025-01-03 06:00:00,1735884000,5297,252.23,1.08,0.5609,cours
2025-01-03 06:15:00,1735884900,992,47.79,0.2,0.1354,autre
2025-01-03 06:30:00,1735885800,628,21.0,0.11,0.0478,autre
2025-01-03 06:45:00,1735886700,971,27.52,0.13,0.0667,autre
2025-01-03 07:00:00,1735887600,1219,69.97,0.41,0.1564,autre
2025-01-03 07:15:00,1735888500,4424,166.87,0.65,0.4209,cours
2025-01-03 07:30:00,1735889400,3559,197.67,1.08,0.4547,cours
2025-01-03 07:45:00,1735890300,2853,133.6,1.09,0.375,cours
2025-01-03 08:00:00,1735891200,4198,104.65,0.48,0.2729,cours
2025-01-03 08:15:00,1735892100,3893,181.46,1.12,0.5087,cours
2025-01-03 08:30:00,1735893000,1068,45.82,0.17,0.1024,autre
2025-01-03 08:45:00,1735893900,4135,180.0,1.02,0.417,cours
2025-01-03 09:00:00,1735894800,1114,53.4,0.29,0.1227,autre
2025-01-03 09:15:00,1735895700,639,38.03,0.18,0.0857,autre
2025-01-03 09:30:00,1735896600,1195,26.36,0.17,0.0735,autre
2025-01-03 09:45:00,1735897500,3697,140.99,1.03,0.3629,cours
2025-01-03 10:00:00,1735898400,5575,228.98,1.15,0.6412,cours
2025-01-03 10:15:00,1735899300,2810,122.85,0.51,0.3311,cours
2025-01-03 10:30:00,1735900200,5235,225.3,1.69,0.6041,cours
2025-01-03 10:45:00,1735901100,859,24.12,0.14,0.0608,autre
2025-01-03 11:00:00,1735902000,2848,90.1,0.68,0.2391,cours
2025-01-03 11:15:00,1735902900,3016,96.33,0.64,0.2675,cours
2025-01-03 11:30:00,1735903800,703,32.06,0.24,0.0874,autre
2025-01-03 11:45:00,1735904700,3924,117.79,0.69,0.3229,cours
2025-01-03 12:00:00,1735905600,956,32.87,0.19,0.0735,autre
2025-01-03 12:15:00,1735906500,627,36.48,0.25,0.0856,autre
2025-01-03 12:30:00,1735907400,792,21.48,0.11,0.0481,autre
2025-01-03 12:45:00,1735908300,5642,310.8,1.4,0.7889,cours
2025-01-03 13:00:00,1735909200,5227,225.43,1.14,0.5966,cours
2025-01-03 13:15:00,1735910100,930,50.48,0.21,0.1174,autre
2025-01-03 13:30:00,1735911000,3538,113.13,0.55,0.2957,cours
2025-01-03 13:45:00,1735911900,836,19.42,0.1,0.0511,autre
2025-01-03 14:00:00,1735912800,984,43.72,0.27,0.1171,autre
2025-01-03 14:15:00,1735913700,493,22.68,0.15,0.0625,autre
2025-01-03 14:30:00,1735914600,3242,145.21,0.83,0.3866,cours
2025-01-03 14:45:00,1735915500,1831,50.42,0.32,0.1308,cours
2025-01-03 15:00:00,1735916400,919,46.14,0.18,0.1105,autre
2025-01-03 15:15:00,1735917300,4147,179.52,0.82,0.5039,cours
2025-01-03 15:30:00,1735918200,3016,126.1,0.6,0.3399,cours
2025-01-03 15:45:00,1735919100,5073,265.13,1.4,0.6153,cours
2025-01-03 16:00:00,1735920000,432,20.11,0.1,0.0552,autre
2025-01-03 16:15:00,1735920900,360,15.09,0.08,0.0393,autre
2025-01-03 16:30:00,1735921800,3724,109.05,0.52,0.2498,cours
2025-01-03 16:45:00,1735922700,4547,164.54,1.22,0.4502,cours
2025-01-03 17:00:00,1735923600,1305,30.96,0.13,0.0864,autre
2025-01-03 17:15:00,1735924500,662,24.43,0.15,0.0613,autre
2025-01-03 17:30:00,1735925400,4578,161.14,1.06,0.4238,cours
2025-01-03 17:45:00,1735926300,3461,91.81,0.61,0.2259,cours
2025-01-03 18:00:00,1735927200,748,28.3,0.19,0.0658,autre
2025-01-03 18:15:00,1735928100,1065,26.68,0.11,0.0734,autre
2025-01-03 18:30:00,1735929000,995,50.62,0.21,0.124,autre
2025-01-03 18:45:00,1735929900,327,17.79,0.13,0.0444,autre
2025-01-03 19:00:00,1735930800,4976,119.29,0.72,0.3273,cours
2025-01-03 19:15:00,1735931700,4880,274.53,1.56,0.6657,cours
2025-01-03 19:30:00,1735932600,612,23.51,0.16,0.0623,autre
2025-01-03 19:45:00,1735933500,918,30.74,0.19,0.0771,autre
2025-01-03 20:00:00,1735934400,948,22.46,0.18,0.0627,autre
2025-01-03 20:15:00,1735935300,878,34.78,0.26,0.0878,autre
2025-01-03 20:30:00,1735936200,2949,138.7,0.94,0.3644,cours
2025-01-03 20:45:00,1735937100,2828,142.49,0.64,0.3297,cours
2025-01-03 21:00:00,1735938000,792,18.03,0.14,0.0507,autre
2025-01-03 21:15:00,1735938900,1151,29.69,0.12,0.0758,autre
2025-01-03 21:30:00,1735939800,963,35.16,0.16,0.0888,autre
2025-01-03 21:45:00,1735940700,688,24.31,0.16,0.0575,autre
2025-01-03 22:00:00,1735941600,1031,33.01,0.15,0.081,autre
2025-01-03 22:15:00,1735942500,651,22.38,0.1,0.0537,cours
2025-01-03 22:30:00,1735943400,4648,247.06,0.99,0.5776,cours
2025-01-03 22:45:00,1735944300,1760,103.14,0.66,0.2364,cours
2025-01-03 23:00:00,1735945200,3137,110.56,0.65,0.2899,cours
2025-01-03 23:15:00,1735946100,2380,127.33,0.79,0.3153,cours
2025-01-03 23:30:00,1735947000,2205,82.03,0.35,0.189,cours
2025-01-03 23:45:00,1735947900,4660,205.26,1.21,0.4572,cours
2025-01-04 00:00:00,1735948800,3032,103.92,0.63,0.2367,cours
2025-01-04 00:15:00,1735949700,3846,165.63,0.84,0.4278,cours
2025-01-04 00:30:00,1735950600,3453,176.49,1.01,0.4776,cours
2025-01-04 00:45:00,1735951500,3977,171.79,0.78,0.4306,cours
2025-01-04 01:00:00,1735952400,823,30.94,0.22,0.0729,autre
2025-01-04 01:15:00,1735953300,2217,98.98,0.61,0.2479,cours
2025-01-04 01:30:00,1735954200,4496,125.06,0.91,0.314,cours
2025-01-04 01:45:00,1735955100,3006,170.95,0.77,0.3941,cours
2025-01-04 02:00:00,1735956000,333,12.89,0.09,0.0334,autre
2025-01-04 02:15:00,1735956900,3071,128.46,0.78,0.2947,cours
2025-01-04 02:30:00,1735957800,1250,52.19,0.34,0.1336,autre
2025-01-04 02:45:00,1735958700,4350,183.15,1.41,0.4784,cours
2025-01-04 03:00:00,1735959600,3151,81.91,0.43,0.2072,cours
2025-01-04 03:15:00,1735960500,3150,153.88,0.61,0.361,cours
2025-01-04 03:30:00,1735961400,3178,91.44,0.63,0.2522,cours
2025-01-04 03:45:00,1735962300,1423,61.6,0.43,0.1667,autre
2025-01-04 04:00:00,1735963200,914,51.18,0.27,0.115,autre
2025-01-04 04:15:00,1735964100,929,42.45,0.21,0.1155,autre
2025-01-04 04:30:00,1735965000,4530,192.01,1.07,0.472,cours
2025-01-04 04:45:00,1735965900,3738,154.95,0.75,0.3798,cours
2025-01-04 05:00:00,1735966800,722,20.58,0.11,0.0516,autre
2025-01-04 05:15:00,1735967700,3303,167.06,0.99,0.4031,cours
2025-01-04 05:30:00,1735968600,3428,104.48,0.73,0.2801,cours
2025-01-04 05:45:00,1735969500,3462,139.93,0.64,0.3453,cours
2025-01-04 06:00:00,1735970400,4227,135.43,0.74,0.3498,cours
2025-01-04 06:15:00,1735971300,815,23.98,0.11,0.0576,autre
2025-01-04 06:30:00,1735972200,1019,40.95,0.2,0.1125,autre
2025-01-04 06:45:00,1735973100,775,20.3,0.13,0.0499,autre
2025-01-04 07:00:00,1735974000,3578,158.09,1.23,0.429,cours
2025-01-04 07:15:00,1735974900,1501,48.44,0.26,0.1282,cours
2025-01-04 07:30:00,1735975800,4416,98.55,0.7,0.265,cours
2025-01-04 07:45:00,1735976700,3846,142.9,1.1,0.388,cours
2025-01-04 08:00:00,1735977600,4498,124.04,0.79,0.2867,cours
2025-01-04 08:15:00,1735978500,50,1.55,0.01,0.0041,autre
2025-01-04 08:30:00,1735979400,1426,73.58,0.49,0.1662,autre
2025-01-04 08:45:00,1735980300,3360,97.65,0.45,0.2185,cours
2025-01-04 09:00:00,1735981200,1132,58.6,0.29,0.1439,autre
2025-01-04 09:15:00,1735982100,488,10.72,0.05,0.0294,autre
2025-01-04 09:30:00,1735983000,4112,127.05,0.73,0.3279,cours
2025-01-04 09:45:00,1735983900,483,24.76,0.1,0.0576,autre
2025-01-04 10:00:00,1735984800,2876,94.88,0.46,0.2453,cours
2025-01-04 10:15:00,1735985700,5414,132.35,0.73,0.369,cours
2025-01-04 10:30:00,1735986600,3309,119.23,0.8,0.2939,cours
2025-01-04 10:45:00,1735987500,865,30.68,0.2,0.0706,autre
2025-01-04 11:00:00,1735988400,4370,239.2,1.09,0.5568,cours
2025-01-04 11:15:00,1735989300,3995,124.9,0.95,0.3398,cours
2025-01-04 11:30:00,1735990200,3650,187.51,1.25,0.4494,cours
2025-01-04 11:45:00,1735991100,3864,188.83,1.34,0.5075,cours
2025-01-04 12:00:00,1735992000,1521,53.56,0.25,0.144,autre
2025-01-04 12:15:00,1735992900,782,45.42,0.26,0.1038,autre
2025-01-04 12:30:00,1735993800,3701,125.16,0.97,0.3338,cours
2025-01-04 12:45:00,1735994700,4550,234.8,1.57,0.6239,cours
2025-01-04 13:00:00,1735995600,4605,108.24,0.62,0.3092,cours
2025-01-04 13:15:00,1735996500,4687,235.5,1.21,0.5388,cours
2025-01-04 13:30:00,1735997400,4138,176.75,1.02,0.4118,cours
2025-01-04 13:45:00,1735998300,2356,88.5,0.49,0.2144,cours
2025-01-04 14:00:00,1735999200,5133,241.33,0.95,0.5678,cours
2025-01-04 14:15:00,1736000100,456,19.37,0.1,0.053,autre
2025-01-04 14:30:00,1736001000,890,21.26,0.15,0.0537,autre
2025-01-04 14:45:00,1736001900,2745,77.55,0.56,0.2014,cours
2025-01-04 15:00:00,1736002800,3435,144.49,0.69,0.402,cours
2025-01-04 15:15:00,1736003700,898,40.56,0.3,0.1018,autre
2025-01-04 15:30:00,1736004600,3821,231.89,1.05,0.5246,cours
2025-01-04 15:45:00,1736005500,926,39.63,0.28,0.1119,autre
2025-01-04 16:00:00,1736006400,1284,66.24,0.46,0.1747,autre
2025-01-04 16:15:00,1736007300,3953,170.31,1.25,0.4594,cours
2025-01-04 16:30:00,1736008200,3255,102.02,0.8,0.2729,cours
2025-01-04 16:45:00,1736009100,1089,32.85,0.15,0.0745,autre
2025-01-04 17:00:00,1736010000,4689,228.01,1.6,0.5746,cours
2025-01-04 17:15:00,1736010900,2272,100.51,0.43,0.2534,cours
2025-01-04 17:30:00,1736011800,979,26.63,0.16,0.0625,autre
2025-01-04 17:45:00,1736012700,4201,136.34,0.97,0.3731,cours
2025-01-04 18:00:00,1736013600,3202,174.33,1.1,0.4372,cours
2025-01-04 18:15:00,1736014500,1212,47.65,0.23,0.1212,autre
2025-01-04 18:30:00,1736015400,3349,129.82,0.89,0.3169,cours
2025-01-04 18:45:00,1736016300,3625,157.59,0.61,0.3502,cours
2025-01-04 19:00:00,1736017200,748,24.5,0.09,0.0574,autre
2025-01-04 19:15:00,1736018100,3515,122.62,0.81,0.3146,cours
2025-01-04 19:30:00,1736019000,471,18.26,0.09,0.0422,autre
2025-01-04 19:45:00,1736019900,367,8.65,0.07,0.0236,autre
2025-01-04 20:00:00,1736020800,5094,218.34,1.28,0.6184,cours
2025-01-04 20:15:00,1736021700,2653,91.71,0.43,0.2476,cours
2025-01-04 20:30:00,1736022600,2508,121.14,0.87,0.3154,cours
2025-01-04 20:45:00,1736023500,1346,69.11,0.4,0.1723,cours
2025-01-04 21:00:00,1736024400,2861,90.61,0.39,0.2202,cours
2025-01-04 21:15:00,1736025300,403,20.01,0.12,0.0454,autre
2025-01-04 21:30:00,1736026200,5142,201.61,1.14,0.5028,cours
2025-01-04 21:45:00,1736027100,4509,235.29,1.42,0.588,cours
2025-01-04 22:00:00,1736028000,593,16.27,0.1,0.0458,autre
2025-01-04 22:15:00,1736028900,5752,232.25,1.8,0.657,cours
2025-01-04 22:30:00,1736029800,1094,48.14,0.33,0.1188,autre
2025-01-04 22:45:00,1736030700,3175,104.56,0.68,0.2655,cours
2025-01-04 23:00:00,1736031600,1000,30.78,0.12,0.0709,cours
2025-01-04 23:15:00,1736032500,1487,61.04,0.46,0.1667,autre
2025-01-04 23:30:00,1736033400,383,16.08,0.11,0.0456,autre
2025-01-04 23:45:00,1736034300,306,10.3,0.07,0.0261,autre
2025-01-05 00:00:00,1736035200,1106,46.13,0.25,0.1234,autre
2025-01-05 00:15:00,1736036100,1531,49.79,0.4,0.1403,autre
2025-01-05 00:30:00,1736037000,4884,241.52,1.48,0.5717,cours
2025-01-05 00:45:00,1736037900,4063,111.43,0.51,0.3085,cours
2025-01-05 01:00:00,1736038800,978,52.72,0.27,0.1283,autre
2025-01-05 01:15:00,1736039700,1056,33.14,0.25,0.0876,autre
2025-01-05 01:30:00,1736040600,1027,33.74,0.14,0.0918,autre
2025-01-05 01:45:00,1736041500,3781,94.83,0.72,0.2444,cours
2025-01-05 02:00:00,1736042400,3604,106.84,0.63,0.2484,cours
2025-01-05 02:15:00,1736043300,781,30.78,0.19,0.0791,autre
2025-01-05 02:30:00,1736044200,2746,95.02,0.43,0.2235,cours
2025-01-05 02:45:00,1736045100,715,32.88,0.17,0.0907,autre
2025-01-05 03:00:00,1736046000,292,7.63,0.05,0.0179,autre
2025-01-05 03:15:00,1736046900,3401,114.8,0.6,0.3072,cours
2025-01-05 03:30:00,1736047800,503,18.28,0.12,0.0438,autre
2025-01-05 03:45:00,1736048700,468,11.71,0.06,0.0288,autre
2025-01-05 04:00:00,1736049600,3679,113.98,0.44,0.2573,cours
2025-01-05 04:15:00,1736050500,1217,44.04,0.17,0.1133,autre
2025-01-05 04:30:00,1736051400,4418,156.65,1.02,0.4393,cours
2025-01-05 04:45:00,1736052300,328,10.66,0.09,0.0303,autre
2025-01-05 05:00:00,1736053200,2510,111.29,0.53,0.2572,cours
2025-01-05 05:15:00,1736054100,1082,46.86,0.24,0.1164,autre
2025-01-05 05:30:00,1736055000,2517,65.42,0.31,0.153,cours
2025-01-05 05:45:00,1736055900,3275,118.79,0.73,0.3181,cours
2025-01-05 06:00:00,1736056800,965,50.86,0.29,0.1323,autre
2025-01-05 06:15:00,1736057700,2531,90.71,0.72,0.257,cours
2025-01-05 06:30:00,1736058600,3605,183.68,0.93,0.4117,cours
2025-01-05 06:45:00,1736059500,399,14.13,0.08,0.0339,autre
2025-01-05 07:00:00,1736060400,619,33.46,0.13,0.0755,autre
2025-01-05 07:15:00,1736061300,3819,175.2,1.38,0.4653,cours
2025-01-05 07:30:00,1736062200,322,13.46,0.06,0.0327,autre
2025-01-05 07:45:00,1736063100,3940,227.33,0.88,0.544,cours
2025-01-05 08:00:00,1736064000,3480,93.05,0.61,0.2438,cours
2025-01-05 08:15:00,1736064900,4052,108.1,0.59,0.2486,cours
2025-01-05 08:30:00,1736065800,867,46.89,0.22,0.1054,autre
2025-01-05 08:45:00,1736066700,1209,66.04,0.32,0.1506,autre
2025-01-05 09:00:00,1736067600,837,24.7,0.16,0.0583,autre
2025-01-05 09:15:00,1736068500,671,20.59,0.1,0.0545,autre
2025-01-05 09:30:00,1736069400,3622,84.11,0.61,0.2224,cours
2025-01-05 09:45:00,1736070300,4043,150.62,0.83,0.3374,cours
2025-01-05 10:00:00,1736071200,3548,151.76,0.92,0.4323,cours
2025-01-05 10:15:00,1736072100,3540,151.39,0.79,0.3591,cours
2025-01-05 10:30:00,1736073000,2798,103.39,0.46,0.2458,cours
2025-01-05 10:45:00,1736073900,601,22.23,0.14,0.0539,autre
2025-01-05 11:00:00,1736074800,2097,56.6,0.29,0.126,cours
2025-01-05 11:15:00,1736075700,5249,168.04,0.87,0.4408,cours
2025-01-05 11:30:00,1736076600,2256,96.78,0.6,0.252,cours
2025-01-05 11:45:00,1736077500,592,29.22,0.24,0.0817,autre
2025-01-05 12:00:00,1736078400,584,29.42,0.16,0.0746,autre
2025-01-05 12:15:00,1736079300,4394,102.28,0.78,0.2719,cours
2025-01-05 12:30:00,1736080200,3205,162.46,0.85,0.4227,cours
2025-01-05 12:45:00,1736081100,1174,62.42,0.23,0.144,autre
2025-01-05 13:00:00,1736082000,2826,153.46,0.62,0.346,cours
2025-01-05 13:15:00,1736082900,883,31.45,0.18,0.0853,autre
2025-01-05 13:30:00,1736083800,549,19.53,0.09,0.0504,autre
2025-01-05 13:45:00,1736084700,5645,210.58,0.71,0.4755,cours
2025-01-05 14:00:00,1736085600,2312,53.74,0.43,0.1509,cours
2025-01-05 14:15:00,1736086500,892,25.08,0.19,0.0698,autre
2025-01-05 14:30:00,1736087400,4133,120.7,0.86,0.3295,cours
2025-01-05 14:45:00,1736088300,3913,158.2,0.68,0.3863,cours
2025-01-05 15:00:00,1736089200,744,32.54,0.15,0.0891,autre
2025-01-05 15:15:00,1736090100,761,33.29,0.12,0.0745,autre
2025-01-05 15:30:00,1736091000,813,20.74,0.14,0.0525,autre
2025-01-05 15:45:00,1736091900,755,41.28,0.3,0.1032,autre
2025-01-05 16:00:00,1736092800,4463,226.44,1.3,0.6044,cours
2025-01-05 16:15:00,1736093700,5710,278.47,1.18,0.7013,cours
2025-01-05 16:30:00,1736094600,632,36.64,0.2,0.088,autre
2025-01-05 16:45:00,1736095500,2130,93.77,0.45,0.2206,cours
2025-01-05 17:00:00,1736096400,3411,198.82,0.96,0.4674,cours
2025-01-05 17:15:00,1736097300,1573,42.37,0.25,0.1039,autre
2025-01-05 17:30:00,1736098200,2696,105.98,0.62,0.2406,cours
2025-01-05 17:45:00,1736099100,5139,173.13,0.67,0.401,cours
2025-01-05 18:00:00,1736100000,5177,166.76,0.61,0.3917,cours
2025-01-05 18:15:00,1736100900,2946,74.65,0.63,0.2099,cours
2025-01-05 18:30:00,1736101800,4068,156.63,0.83,0.4466,cours
2025-01-05 18:45:00,1736102700,5128,233.22,0.99,0.6282,cours
2025-01-05 19:00:00,1736103600,3120,138.04,0.59,0.3315,cours
2025-01-05 19:15:00,1736104500,738,20.71,0.08,0.053,autre
2025-01-05 19:30:00,1736105400,625,30.46,0.16,0.0781,autre
2025-01-05 19:45:00,1736106300,2485,120.81,0.74,0.2755,cours
2025-01-05 20:00:00,1736107200,605,24.21,0.11,0.0551,autre
2025-01-05 20:15:00,1736108100,2276,114.33,0.56,0.2593,cours
2025-01-05 20:30:00,1736109000,3534,108.89,0.72,0.2855,cours
2025-01-05 20:45:00,1736109900,569,20.89,0.11,0.0499,autre
2025-01-05 21:00:00,1736110800,3733,187.82,1.39,0.498,cours
2025-01-05 21:15:00,1736111700,333,10.23,0.08,0.0277,autre
2025-01-05 21:30:00,1736112600,3830,137.73,0.57,0.3738,cours
2025-01-05 21:45:00,1736113500,1050,52.93,0.37,0.1378,autre
2025-01-05 22:00:00,1736114400,1506,69.02,0.38,0.1756,cours
2025-01-05 22:15:00,1736115300,912,25.66,0.18,0.0593,autre
2025-01-05 22:30:00,1736116200,4727,122.83,0.75,0.3393,cours
2025-01-05 22:45:00,1736117100,437,11.22,0.08,0.0265,autre
2025-01-05 23:00:00,1736118000,5172,230.35,1.5,0.5714,cours
2025-01-05 23:15:00,1736118900,3919,142.24,0.7,0.3755,cours
2025-01-05 23:30:00,1736119800,588,16.61,0.1,0.0416,autre
2025-01-05 23:45:00,1736120700,3444,178.81,1.41,0.4706,cours
2025-01-06 00:00:00,1736121600,967,40.55,0.28,0.099,autre
2025-01-06 00:15:00,1736122500,822,25.66,0.11,0.0652,autre
2025-01-06 00:30:00,1736123400,4038,148.04,1.03,0.404,cours
2025-01-06 00:45:00,1736124300,523,21.63,0.12,0.0598,autre
2025-01-06 01:00:00,1736125200,3669,98.14,0.37,0.2425,cours
2025-01-06 01:15:00,1736126100,375,13.53,0.06,0.0307,autre
2025-01-06 01:30:00,1736127000,3388,162.21,0.78,0.422,cours
2025-01-06 01:45:00,1736127900,2596,106.34,0.69,0.2512,cours
2025-01-06 02:00:00,1736128800,579,24.98,0.12,0.0601,autre
2025-01-06 02:15:00,1736129700,1170,49.06,0.3,0.1107,autre
2025-01-06 02:30:00,1736130600,4591,125.99,0.44,0.2916,cours
2025-01-06 02:45:00,1736131500,982,29.26,0.14,0.0719,autre
2025-01-06 03:00:00,1736132400,2407,95.7,0.43,0.2302,cours
2025-01-06 03:15:00,1736133300,3183,107.43,0.45,0.2442,cours
2025-01-06 03:30:00,1736134200,4713,117.62,0.48,0.3016,cours
2025-01-06 03:45:00,1736135100,3641,177.64,0.83,0.4642,cours
2025-01-06 04:00:00,1736136000,5819,282.94,1.88,0.8059,cours
2025-01-06 04:15:00,1736136900,3893,207.93,0.93,0.4806,cours
2025-01-06 04:30:00,1736137800,857,47.29,0.23,0.11,autre
2025-01-06 04:45:00,1736138700,707,20.22,0.12,0.0561,autre
2025-01-06 05:00:00,1736139600,840,46.87,0.32,0.115,autre
2025-01-06 05:15:00,1736140500,3347,100.51,0.72,0.2535,cours
2025-01-06 05:30:00,1736141400,4208,207.27,1.28,0.5728,cours
2025-01-06 05:45:00,1736142300,1087,67.98,0.3,0.1517,autre
2025-01-06 06:00:00,1736143200,564,24.5,0.11,0.066,autre
2025-01-06 06:15:00,1736144100,2168,107.11,0.88,0.3002,cours
2025-01-06 06:30:00,1736145000,249,10.76,0.04,0.0263,autre
2025-01-06 06:45:00,1736145900,952,32.59,0.15,0.0769,autre
2025-01-06 07:00:00,1736146800,468,15.7,0.09,0.0444,autre
2025-01-06 07:15:00,1736147700,154,6.88,0.03,0.0166,autre
2025-01-06 07:30:00,1736148600,916,24.32,0.11,0.0603,autre
2025-01-06 07:45:00,1736149500,5992,237.04,1.76,0.6578,cours
2025-01-06 08:00:00,1736150400,798,40.59,0.19,0.1105,autre
2025-01-06 08:15:00,1736151300,1051,32.15,0.19,0.079,autre
2025-01-06 08:30:00,1736152200,3581,167.77,0.74,0.4419,cours
2025-01-06 08:45:00,1736153100,3401,200.2,0.72,0.4511,cours
2025-01-06 09:00:00,1736154000,4419,258.59,1.71,0.5988,cours
2025-01-06 09:15:00,1736154900,712,43.67,0.17,0.0974,autre
2025-01-06 09:30:00,1736155800,880,33.65,0.24,0.0895,autre
2025-01-06 09:45:00,1736156700,3821,236.0,1.22,0.528,cours
2025-01-06 10:00:00,1736157600,2831,134.2,0.55,0.3414,cours
2025-01-06 10:15:00,1736158500,4492,126.05,0.96,0.3276,cours
2025-01-06 10:30:00,1736159400,747,26.03,0.14,0.0733,autre
2025-01-06 10:45:00,1736160300,573,23.91,0.19,0.0673,autre
2025-01-06 11:00:00,1736161200,960,32.11,0.13,0.0766,autre
2025-01-06 11:15:00,1736162100,2601,114.53,0.8,0.2894,cours
2025-01-06 11:30:00,1736163000,3528,148.99,0.61,0.3998,cours
2025-01-06 11:45:00,1736163900,3490,104.83,0.58,0.2548,cours
2025-01-06 12:00:00,1736164800,4585,181.03,1.28,0.4824,cours
2025-01-06 12:15:00,1736165700,942,46.76,0.33,0.1147,autre
2025-01-06 12:30:00,1736166600,792,30.54,0.23,0.0791,autre
2025-01-06 12:45:00,1736167500,1045,27.55,0.17,0.0637,autre
2025-01-06 13:00:00,1736168400,1217,31.93,0.21,0.0739,autre
2025-01-06 13:15:00,1736169300,4057,142.91,0.65,0.3593,cours
2025-01-06 13:30:00,1736170200,803,41.47,0.21,0.1077,autre
2025-01-06 13:45:00,1736171100,406,12.28,0.06,0.0318,autre
2025-01-06 14:00:00,1736172000,480,22.89,0.11,0.0532,autre
2025-01-06 14:15:00,1736172900,3194,95.09,0.52,0.2484,cours
2025-01-06 14:30:00,1736173800,2890,91.9,0.57,0.2478,cours
2025-01-06 14:45:00,1736174700,3313,151.83,0.74,0.4235,cours
2025-01-06 15:00:00,1736175600,816,38.29,0.24,0.0965,autre
2025-01-06 15:15:00,1736176500,958,25.8,0.11,0.0648,autre
2025-01-06 15:30:00,1736177400,3429,140.36,0.64,0.3233,cours
2025-01-06 15:45:00,1736178300,945,21.92,0.13,0.0589,autre
2025-01-06 16:00:00,1736179200,819,31.3,0.22,0.0806,autre
2025-01-06 16:15:00,1736180100,1524,74.19,0.45,0.1722,cours
2025-01-06 16:30:00,1736181000,2560,76.9,0.44,0.1779,cours
2025-01-06 16:45:00,1736181900,756,24.41,0.11,0.0628,autre
2025-01-06 17:00:00,1736182800,2290,83.25,0.49,0.2103,cours
2025-01-06 17:15:00,1736183700,979,49.73,0.21,0.1308,autre
2025-01-06 17:30:00,1736184600,5030,310.94,1.45,0.7015,cours
2025-01-06 17:45:00,1736185500,1165,26.81,0.16,0.0741,autre
2025-01-06 18:00:00,1736186400,3286,176.11,0.62,0.3972,cours
2025-01-06 18:15:00,1736187300,4990,187.35,0.86,0.4478,cours
2025-01-06 18:30:00,1736188200,844,31.1,0.23,0.0771,autre
2025-01-06 18:45:00,1736189100,3162,134.42,1.12,0.3805,cours
2025-01-06 19:00:00,1736190000,2886,153.14,0.78,0.3852,cours
2025-01-06 19:15:00,1736190900,3197,170.0,0.68,0.435,cours
2025-01-06 19:30:00,1736191800,683,26.55,0.13,0.0725,autre
2025-01-06 19:45:00,1736192700,851,31.33,0.16,0.0754,autre
2025-01-06 20:00:00,1736193600,848,46.64,0.3,0.1043,autre
2025-01-06 20:15:00,1736194500,3503,113.95,0.48,0.2805,cours
2025-01-06 20:30:00,1736195400,3936,174.4,1.09,0.4138,cours
2025-01-06 20:45:00,1736196300,4690,148.43,0.69,0.4159,cours
2025-01-06 21:00:00,1736197200,4449,196.14,1.49,0.5006,cours
2025-01-06 21:15:00,1736198100,2015,57.74,0.33,0.1597,cours
2025-01-06 21:30:00,1736199000,946,29.31,0.19,0.0713,cours
2025-01-06 21:45:00,1736199900,4434,262.65,1.19,0.5918,cours
2025-01-06 22:00:00,1736200800,389,11.03,0.06,0.0265,autre
2025-01-06 22:15:00,1736201700,3275,117.7,0.59,0.3291,cours
2025-01-06 22:30:00,1736202600,2329,69.73,0.31,0.1809,cours
2025-01-06 22:45:00,1736203500,259,6.62,0.05,0.0163,autre
2025-01-06 23:00:00,1736204400,4041,99.18,0.73,0.2541,cours
2025-01-06 23:15:00,1736205300,1027,32.94,0.22,0.076,autre
2025-01-06 23:30:00,1736206200,627,34.99,0.2,0.0811,autre
2025-01-06 23:45:00,1736207100,50,1.7,0.01,0.0041,autre
2025-01-07 00:00:00,1736208000,2953,155.6,0.64,0.4017,cours
2025-01-07 00:15:00,1736208900,917,36.69,0.2,0.0977,autre
2025-01-07 00:30:00,1736209800,2021,69.18,0.38,0.1919,cours
2025-01-07 00:45:00,1736210700,3683,151.07,0.96,0.3919,cours
2025-01-07 01:00:00,1736211600,3484,138.16,0.72,0.3531,cours
2025-01-07 01:15:00,1736212500,973,49.04,0.2,0.1174,autre
2025-01-07 01:30:00,1736213400,3619,124.3,0.72,0.2989,cours
2025-01-07 01:45:00,1736214300,2526,79.58,0.61,0.2229,cours
2025-01-07 02:00:00,1736215200,1158,59.33,0.32,0.1523,autre
2025-01-07 02:15:00,1736216100,3341,166.94,0.77,0.4534,cours
2025-01-07 02:30:00,1736217000,3472,166.84,0.82,0.4562,cours
2025-01-07 02:45:00,1736217900,2566,103.88,0.45,0.2401,cours
2025-01-07 03:00:00,1736218800,3056,132.52,0.73,0.3741,cours
2025-01-07 03:15:00,1736219700,2615,100.55,0.63,0.2565,cours
2025-01-07 03:30:00,1736220600,3327,121.8,0.8,0.332,cours
2025-01-07 03:45:00,1736221500,1313,43.92,0.26,0.1003,autre
2025-01-07 04:00:00,1736222400,2128,92.63,0.47,0.2283,cours
2025-01-07 04:15:00,1736223300,1886,52.7,0.39,0.1412,cours
2025-01-07 04:30:00,1736224200,1241,42.98,0.19,0.1074,autre
2025-01-07 04:45:00,1736225100,3290,178.76,0.93,0.4224,cours
2025-01-07 05:00:00,1736226000,599,20.45,0.12,0.0459,autre
2025-01-07 05:15:00,1736226900,4539,110.94,0.53,0.2982,cours
2025-01-07 05:30:00,1736227800,2894,83.17,0.32,0.1896,cours
2025-01-07 05:45:00,1736228700,5326,319.45,2.04,0.7204,cours
2025-01-07 06:00:00,1736229600,4177,185.5,0.85,0.42,cours
2025-01-07 06:15:00,1736230500,3012,115.53,0.71,0.2794,cours
2025-01-07 06:30:00,1736231400,5657,291.73,1.09,0.7064,cours
2025-01-07 06:45:00,1736232300,2894,143.31,0.93,0.3672,cours
2025-01-07 07:00:00,1736233200,4242,156.17,0.73,0.3673,cours
2025-01-07 07:15:00,1736234100,3799,176.87,0.69,0.4387,cours
2025-01-07 07:30:00,1736235000,4801,244.06,1.41,0.5842,cours
2025-01-07 07:45:00,1736235900,5061,223.42,1.06,0.5687,cours
2025-01-07 08:00:00,1736236800,3532,107.8,0.53,0.2548,cours
2025-01-07 08:15:00,1736237700,573,32.23,0.12,0.0745,autre
2025-01-07 08:30:00,1736238600,3959,148.88,0.7,0.4083,cours
2025-01-07 08:45:00,1736239500,596,21.33,0.1,0.0492,autre
2025-01-07 09:00:00,1736240400,1404,53.33,0.22,0.132,autre
2025-01-07 09:15:00,1736241300,3636,99.53,0.66,0.2291,cours
2025-01-07 09:30:00,1736242200,690,19.05,0.07,0.0485,autre
2025-01-07 09:45:00,1736243100,855,40.21,0.23,0.1037,autre
2025-01-07 10:00:00,1736244000,2152,57.01,0.22,0.1291,cours
2025-01-07 10:15:00,1736244900,2528,88.5,0.46,0.2359,cours
2025-01-07 10:30:00,1736245800,1160,51.3,0.34,0.1181,autre
2025-01-07 10:45:00,1736246700,602,15.44,0.07,0.0388,autre
2025-01-07 11:00:00,1736247600,2453,135.73,1.0,0.3381,cours
2025-01-07 11:15:00,1736248500,4036,120.03,0.57,0.3152,cours
2025-01-07 11:30:00,1736249400,4685,160.93,1.03,0.3951,cours
2025-01-07 11:45:00,1736250300,4218,136.04,0.83,0.3556,cours
2025-01-07 12:00:00,1736251200,1098,30.48,0.24,0.0861,autre
2025-01-07 12:15:00,1736252100,2743,62.2,0.38,0.1649,cours
2025-01-07 12:30:00,1736253000,2078,86.23,0.57,0.2459,cours
2025-01-07 12:45:00,1736253900,1250,76.89,0.31,0.1717,autre
2025-01-07 13:00:00,1736254800,3177,110.58,0.43,0.2476,cours
2025-01-07 13:15:00,1736255700,3249,143.06,1.06,0.3673,cours
2025-01-07 13:30:00,1736256600,1198,60.46,0.28,0.143,autre
2025-01-07 13:45:00,1736257500,966,47.51,0.25,0.1235,autre
2025-01-07 14:00:00,1736258400,3955,154.76,0.98,0.371,cours
2025-01-07 14:15:00,1736259300,5665,205.45,0.96,0.4772,cours
2025-01-07 14:30:00,1736260200,2856,109.25,0.72,0.2457,cours
2025-01-07 14:45:00,1736261100,4427,202.03,1.35,0.518,cours
2025-01-07 15:00:00,1736262000,3557,190.97,1.07,0.4458,cours
2025-01-07 15:15:00,1736262900,3768,105.76,0.79,0.2808,cours
2025-01-07 15:30:00,1736263800,5028,202.46,0.71,0.4509,cours
2025-01-07 15:45:00,1736264700,4007,186.71,1.0,0.5295,cours
2025-01-07 16:00:00,1736265600,4038,206.36,1.11,0.5029,cours
2025-01-07 16:15:00,1736266500,4572,263.94,1.17,0.6345,cours
2025-01-07 16:30:00,1736267400,3135,158.0,0.99,0.3773,cours
2025-01-07 16:45:00,1736268300,2660,88.07,0.7,0.2433,cours
2025-01-07 17:00:00,1736269200,2455,116.87,0.56,0.2633,cours
2025-01-07 17:15:00,1736270100,210,8.73,0.05,0.0237,autre
2025-01-07 17:30:00,1736271000,5556,151.81,1.08,0.3682,cours
2025-01-07 17:45:00,1736271900,469,18.08,0.11,0.0486,autre
2025-01-07 18:00:00,1736272800,733,32.58,0.19,0.0856,autre
2025-01-07 18:15:00,1736273700,3223,95.71,0.48,0.2365,cours
2025-01-07 18:30:00,1736274600,3807,182.61,1.34,0.4662,cours
2025-01-07 18:45:00,1736275500,4315,168.52,1.08,0.4604,cours
2025-01-07 19:00:00,1736276400,4360,217.96,1.57,0.5937,cours
2025-01-07 19:15:00,1736277300,625,15.52,0.11,0.0396,autre
2025-01-07 19:30:00,1736278200,3332,115.22,0.54,0.2706,cours
2025-01-07 19:45:00,1736279100,3782,179.84,0.88,0.4089,cours
2025-01-07 20:00:00,1736280000,3251,97.56,0.75,0.2722,cours
2025-01-07 20:15:00,1736280900,5107,232.93,1.22,0.5983,cours
2025-01-07 20:30:00,1736281800,947,41.16,0.31,0.1143,autre
2025-01-07 20:45:00,1736282700,4234,101.55,0.84,0.2888,cours
2025-01-07 21:00:00,1736283600,4162,175.13,1.02,0.4208,cours
2025-01-07 21:15:00,1736284500,1152,47.6,0.3,0.116,autre
2025-01-07 21:30:00,1736285400,854,28.01,0.21,0.0765,autre
2025-01-07 21:45:00,1736286300,2203,110.74,0.82,0.2966,cours
2025-01-07 22:00:00,1736287200,3899,173.39,1.03,0.4921,cours
2025-01-07 22:15:00,1736288100,2848,142.94,0.52,0.3297,cours
2025-01-07 22:30:00,1736289000,2971,155.74,0.73,0.348,cours
2025-01-07 22:45:00,1736289900,4086,144.0,0.99,0.3961,cours
2025-01-07 23:00:00,1736290800,4738,236.34,1.38,0.6334,cours
2025-01-07 23:15:00,1736291700,3521,177.76,1.07,0.4069,cours
2025-01-07 23:30:00,1736292600,3808,199.44,0.92,0.4506,cours
2025-01-07 23:45:00,1736293500,1310,66.2,0.41,0.1689,autre
2025-01-08 00:00:00,1736294400,3740,108.79,0.55,0.3064,cours
2025-01-08 00:15:00,1736295300,6101,268.98,1.99,0.76,cours
2025-01-08 00:30:00,1736296200,4065,125.23,0.71,0.3074,cours
2025-01-08 00:45:00,1736297100,271,9.24,0.04,0.0237,autre
2025-01-08 01:00:00,1736298000,4253,130.34,0.72,0.3694,cours
2025-01-08 01:15:00,1736298900,3881,219.14,1.41,0.5367,cours
2025-01-08 01:30:00,1736299800,1186,53.52,0.34,0.1524,autre
2025-01-08 01:45:00,1736300700,1001,49.82,0.21,0.1162,autre
2025-01-08 02:00:00,1736301600,758,34.09,0.26,0.0896,autre
2025-01-08 02:15:00,1736302500,2275,84.54,0.61,0.2388,cours
2025-01-08 02:30:00,1736303400,3290,182.62,1.31,0.4467,cours
2025-01-08 02:45:00,1736304300,544,21.14,0.12,0.0542,autre
2025-01-08 03:00:00,1736305200,625,25.29,0.13,0.0565,autre
2025-01-08 03:15:00,1736306100,4088,120.76,0.85,0.2986,cours
2025-01-08 03:30:00,1736307000,5169,239.82,1.45,0.6353,cours
2025-01-08 03:45:00,1736307900,3894,194.66,1.18,0.4624,cours
2025-01-08 04:00:00,1736308800,441,15.09,0.08,0.04,autre
2025-01-08 04:15:00,1736309700,3944,107.72,0.53,0.2446,cours
2025-01-08 04:30:00,1736310600,4696,231.3,1.01,0.597,cours
2025-01-08 04:45:00,1736311500,2890,71.29,0.32,0.176,cours
2025-01-08 05:00:00,1736312400,3365,138.95,0.59,0.3913,cours
2025-01-08 05:15:00,1736313300,3514,189.87,0.75,0.4836,cours
2025-01-08 05:30:00,1736314200,2715,111.76,0.77,0.258,cours
2025-01-08 05:45:00,1736315100,994,33.72,0.15,0.0783,autre
2025-01-08 06:00:00,1736316000,3379,146.47,0.98,0.3933,cours
2025-01-08 06:15:00,1736316900,3919,183.07,1.36,0.4913,cours
2025-01-08 06:30:00,1736317800,2612,116.96,0.63,0.2709,cours
2025-01-08 06:45:00,1736318700,3062,186.34,0.73,0.4206,cours
2025-01-08 07:00:00,1736319600,4222,97.35,0.7,0.2708,cours
2025-01-08 07:15:00,1736320500,3127,123.99,0.75,0.3139,cours
2025-01-08 07:30:00,1736321400,5226,235.59,1.59,0.6139,cours
2025-01-08 07:45:00,1736322300,3100,174.8,1.06,0.3999,cours
2025-01-08 08:00:00,1736323200,3724,99.21,0.82,0.2768,cours
2025-01-08 08:15:00,1736324100,1079,49.65,0.32,0.1338,autre
2025-01-08 08:30:00,1736325000,2081,92.23,0.44,0.2169,cours
2025-01-08 08:45:00,1736325900,271,8.83,0.06,0.0249,autre
2025-01-08 09:00:00,1736326800,1974,55.59,0.22,0.1392,cours
2025-01-08 09:15:00,1736327700,1178,60.01,0.43,0.1522,autre
2025-01-08 09:30:00,1736328600,634,17.64,0.08,0.046,autre
2025-01-08 09:45:00,1736329500,6058,200.03,1.02,0.5136,cours
2025-01-08 10:00:00,1736330400,2935,98.41,0.67,0.2442,cours
2025-01-08 10:15:00,1736331300,3684,174.96,1.14,0.4779,cours
2025-01-08 10:30:00,1736332200,5042,233.68,1.2,0.5739,cours
2025-01-08 10:45:00,1736333100,1401,74.64,0.38,0.1734,autre
2025-01-08 11:00:00,1736334000,1418,48.35,0.32,0.1135,autre
2025-01-08 11:15:00,1736334900,1162,46.7,0.26,0.1278,autre
2025-01-08 11:30:00,1736335800,4524,174.57,1.34,0.4784,cours
2025-01-08 11:45:00,1736336700,977,46.62,0.2,0.1237,autre
2025-01-08 12:00:00,1736337600,1033,52.84,0.36,0.1369,autre
2025-01-08 12:15:00,1736338500,2948,70.25,0.5,0.1797,cours
2025-01-08 12:30:00,1736339400,2681,127.66,0.54,0.3054,cours
2025-01-08 12:45:00,1736340300,798,18.21,0.11,0.0512,autre
2025-01-08 13:00:00,1736341200,3329,122.27,0.6,0.3459,cours
2025-01-08 13:15:00,1736342100,664,21.45,0.14,0.0551,autre
2025-01-08 13:30:00,1736343000,4196,148.89,0.82,0.3547,cours
2025-01-08 13:45:00,1736343900,1086,35.39,0.24,0.0958,autre
2025-01-08 14:00:00,1736344800,3588,163.02,0.71,0.3936,cours
2025-01-08 14:15:00,1736345700,4977,162.28,0.78,0.4316,cours
2025-01-08 14:30:00,1736346600,2358,122.68,0.44,0.2797,cours
2025-01-08 14:45:00,1736347500,741,30.08,0.14,0.0684,autre
2025-01-08 15:00:00,1736348400,584,14.52,0.09,0.0382,autre
2025-01-08 15:15:00,1736349300,1633,74.74,0.56,0.2004,cours
2025-01-08 15:30:00,1736350200,3417,110.74,0.71,0.2831,cours
2025-01-08 15:45:00,1736351100,763,27.01,0.16,0.0722,autre
2025-01-08 16:00:00,1736352000,5013,240.19,1.69,0.5757,cours
2025-01-08 16:15:00,1736352900,989,37.05,0.22,0.0856,autre
2025-01-08 16:30:00,1736353800,2475,66.65,0.46,0.1597,cours
2025-01-08 16:45:00,1736354700,5354,208.17,1.1,0.4814,cours
2025-01-08 17:00:00,1736355600,4721,249.39,1.21,0.64,cours
2025-01-08 17:15:00,1736356500,4082,166.17,0.72,0.4545,cours
2025-01-08 17:30:00,1736357400,732,35.28,0.22,0.0832,autre
2025-01-08 17:45:00,1736358300,2540,108.43,0.47,0.2809,cours
2025-01-08 18:00:00,1736359200,3127,99.03,0.46,0.2374,cours
2025-01-08 18:15:00,1736360100,1126,39.68,0.24,0.1052,autre
2025-01-08 18:30:00,1736361000,5384,231.52,1.52,0.6465,cours
2025-01-08 18:45:00,1736361900,5043,154.31,0.82,0.3435,cours
2025-01-08 19:00:00,1736362800,653,19.63,0.09,0.0537,autre
2025-01-08 19:15:00,1736363700,464,17.1,0.08,0.0381,autre
2025-01-08 19:30:00,1736364600,3640,154.11,0.83,0.3442,cours
2025-01-08 19:45:00,1736365500,269,15.99,0.11,0.0372,autre
2025-01-08 20:00:00,1736366400,896,24.37,0.15,0.0586,autre
2025-01-08 20:15:00,1736367300,3352,138.73,0.98,0.3402,cours
2025-01-08 20:30:00,1736368200,3033,98.46,0.6,0.2255,cours
2025-01-08 20:45:00,1736369100,321,16.74,0.11,0.0442,autre
2025-01-08 21:00:00,1736370000,954,26.14,0.12,0.0659,autre
2025-01-08 21:15:00,1736370900,2967,112.8,0.68,0.2738,cours
2025-01-08 21:30:00,1736371800,449,20.9,0.13,0.0534,autre
2025-01-08 21:45:00,1736372700,50,2.29,0.01,0.0058,autre
2025-01-08 22:00:00,1736373600,3472,124.77,0.73,0.3257,cours
2025-01-08 22:15:00,1736374500,5272,187.96,1.06,0.4625,cours
2025-01-08 22:30:00,1736375400,5161,206.14,0.95,0.4738,cours
2025-01-08 22:45:00,1736376300,662,19.88,0.12,0.0537,autre
2025-01-08 23:00:00,1736377200,2897,98.18,0.4,0.2214,cours
2025-01-08 23:15:00,1736378100,3968,163.97,1.06,0.3914,cours
2025-01-08 23:30:00,1736379000,500,17.61,0.07,0.0407,autre
2025-01-08 23:45:00,1736379900,890,29.96,0.12,0.0739,autre
2025-01-09 00:00:00,1736380800,4266,205.46,1.03,0.4801,cours
2025-01-09 00:15:00,1736381700,1168,56.46,0.4,0.1606,autre
2025-01-09 00:30:00,1736382600,3399,158.95,0.79,0.3681,cours
2025-01-09 00:45:00,1736383500,738,17.28,0.09,0.0488,autre
2025-01-09 01:00:00,1736384400,2622,76.02,0.4,0.1732,cours
2025-01-09 01:15:00,1736385300,2673,163.43,0.74,0.3638,cours
2025-01-09 01:30:00,1736386200,732,23.27,0.18,0.0613,autre
2025-01-09 01:45:00,1736387100,3867,96.65,0.75,0.2605,cours
2025-01-09 02:00:00,1736388000,4413,203.15,1.07,0.4763,cours
2025-01-09 02:15:00,1736388900,559,23.05,0.12,0.0614,autre
2025-01-09 02:30:00,1736389800,1247,60.91,0.36,0.1395,autre
2025-01-09 02:45:00,1736390700,718,21.05,0.09,0.0584,autre
2025-01-09 03:00:00,1736391600,793,17.6,0.11,0.0485,autre
2025-01-09 03:15:00,1736392500,2752,169.12,0.76,0.3776,cours
2025-01-09 03:30:00,1736393400,1075,35.93,0.25,0.0861,cours
2025-01-09 03:45:00,1736394300,4384,217.4,0.76,0.5001,cours
2025-01-09 04:00:00,1736395200,4236,188.78,1.15,0.4936,cours
2025-01-09 04:15:00,1736396100,715,32.49,0.2,0.0778,autre
2025-01-09 04:30:00,1736397000,3566,124.15,0.68,0.3032,cours
2025-01-09 04:45:00,1736397900,4015,134.57,0.53,0.328,cours
2025-01-09 05:00:00,1736398800,1937,87.35,0.62,0.2088,cours
2025-01-09 05:15:00,1736399700,641,33.77,0.19,0.0829,autre
2025-01-09 05:30:00,1736400600,4294,229.01,1.41,0.5829,cours
2025-01-09 05:45:00,1736401500,2245,58.04,0.29,0.1537,cours
2025-01-09 06:00:00,1736402400,3793,117.2,0.61,0.2746,cours
2025-01-09 06:15:00,1736403300,393,19.85,0.11,0.0533,autre
2025-01-09 06:30:00,1736404200,3966,197.73,0.76,0.4716,cours
2025-01-09 06:45:00,1736405100,789,38.48,0.17,0.1031,autre
2025-01-09 07:00:00,1736406000,315,9.9,0.07,0.024,autre
2025-01-09 07:15:00,1736406900,4664,211.96,0.93,0.4991,cours
2025-01-09 07:30:00,1736407800,579,25.0,0.12,0.0672,autre
2025-01-09 07:45:00,1736408700,556,22.65,0.14,0.0636,autre
2025-01-09 08:00:00,1736409600,860,28.93,0.21,0.0797,autre
2025-01-09 08:15:00,1736410500,4648,116.86,0.45,0.2846,cours
2025-01-09 08:30:00,1736411400,2484,115.21,0.63,0.2649,cours
2025-01-09 08:45:00,1736412300,818,23.27,0.11,0.0656,autre
2025-01-09 09:00:00,1736413200,3928,159.7,0.59,0.3772,cours
2025-01-09 09:15:00,1736414100,1007,52.84,0.22,0.1376,autre
2025-01-09 09:30:00,1736415000,852,31.16,0.22,0.0783,autre
2025-01-09 09:45:00,1736415900,689,38.81,0.15,0.0876,autre
2025-01-09 10:00:00,1736416800,2672,76.88,0.31,0.2006,cours
2025-01-09 10:15:00,1736417700,3586,161.82,0.88,0.4081,cours
2025-01-09 10:30:00,1736418600,478,23.2,0.18,0.066,autre
2025-01-09 10:45:00,1736419500,50,1.22,0.01,0.0034,autre
2025-01-09 11:00:00,1736420400,3936,89.75,0.51,0.2388,cours
2025-01-09 11:15:00,1736421300,1071,35.78,0.16,0.1014,autre
2025-01-09 11:30:00,1736422200,91,2.53,0.01,0.0061,autre
2025-01-09 11:45:00,1736423100,2490,117.19,0.71,0.2985,cours
2025-01-09 12:00:00,1736424000,4119,222.04,1.29,0.5485,cours
2025-01-09 12:15:00,1736424900,5557,193.42,1.05,0.5264,cours
2025-01-09 12:30:00,1736425800,3520,107.82,0.56,0.2841,cours
2025-01-09 12:45:00,1736426700,2771,109.32,0.44,0.2626,cours
2025-01-09 13:00:00,1736427600,745,39.21,0.18,0.0878,autre
2025-01-09 13:15:00,1736428500,4874,105.08,0.49,0.296,cours
2025-01-09 13:30:00,1736429400,2854,134.27,0.81,0.3058,cours
2025-01-09 13:45:00,1736430300,2700,120.05,0.87,0.2945,cours
2025-01-09 14:00:00,1736431200,3017,136.11,0.99,0.3349,cours
2025-01-09 14:15:00,1736432100,514,16.32,0.11,0.0408,autre
2025-01-09 14:30:00,1736433000,3622,151.42,1.02,0.4242,cours
2025-01-09 14:45:00,1736433900,5124,123.82,0.88,0.3449,cours
2025-01-09 15:00:00,1736434800,896,27.9,0.13,0.068,autre
2025-01-09 15:15:00,1736435700,3247,162.38,1.03,0.4228,cours
2025-01-09 15:30:00,1736436600,3208,168.77,0.83,0.3821,cours
2025-01-09 15:45:00,1736437500,1936,46.21,0.26,0.1183,cours
2025-01-09 16:00:00,1736438400,4383,127.54,0.92,0.3501,cours
2025-01-09 16:15:00,1736439300,3422,111.28,0.51,0.264,cours
2025-01-09 16:30:00,1736440200,3319,102.82,0.54,0.271,cours
2025-01-09 16:45:00,1736441100,6693,215.01,1.54,0.5341,cours
2025-01-09 17:00:00,1736442000,889,24.26,0.09,0.0578,autre
2025-01-09 17:15:00,1736442900,2748,116.95,0.59,0.2658,cours
2025-01-09 17:30:00,1736443800,3073,156.46,1.05,0.3645,cours
2025-01-09 17:45:00,1736444700,1144,51.86,0.3,0.1242,autre
2025-01-09 18:00:00,1736445600,3613,171.89,0.95,0.4113,cours
2025-01-09 18:15:00,1736446500,368,10.88,0.05,0.0245,autre
2025-01-09 18:30:00,1736447400,4419,228.32,1.21,0.6015,cours
2025-01-09 18:45:00,1736448300,599,26.65,0.21,0.0761,autre
2025-01-09 19:00:00,1736449200,5373,252.13,1.56,0.6684,cours
2025-01-09 19:15:00,1736450100,4580,214.28,1.31,0.5763,cours
2025-01-09 19:30:00,1736451000,3052,170.99,0.68,0.4109,cours
2025-01-09 19:45:00,1736451900,1184,50.68,0.19,0.1226,autre
2025-01-09 20:00:00,1736452800,3567,111.0,0.8,0.2712,cours
2025-01-09 20:15:00,1736453700,4352,167.32,0.98,0.4759,cours
2025-01-09 20:30:00,1736454600,3984,201.21,1.14,0.4758,cours
2025-01-09 20:45:00,1736455500,546,24.85,0.11,0.065,autre
2025-01-09 21:00:00,1736456400,2856,121.0,0.73,0.2905,cours
2025-01-09 21:15:00,1736457300,1108,29.43,0.21,0.0725,autre
2025-01-09 21:30:00,1736458200,3165,109.08,0.67,0.2839,cours
2025-01-09 21:45:00,1736459100,3096,150.4,0.7,0.4138,cours
2025-01-09 22:00:00,1736460000,2544,97.62,0.64,0.2716,cours
2025-01-09 22:15:00,1736460900,3923,175.14,1.07,0.4043,cours
2025-01-09 22:30:00,1736461800,5562,200.31,0.96,0.4533,cours
2025-01-09 22:45:00,1736462700,2432,90.3,0.61,0.2176,cours
2025-01-09 23:00:00,1736463600,807,38.28,0.26,0.1062,autre
2025-01-09 23:15:00,1736464500,4912,217.19,1.59,0.5566,cours
2025-01-09 23:30:00,1736465400,3420,177.88,1.02,0.4206,cours
2025-01-09 23:45:00,1736466300,3952,162.96,0.65,0.3808,cours
2025-01-10 00:00:00,1736467200,2437,97.36,0.53,0.2691,cours
2025-01-10 00:15:00,1736468100,3928,109.81,0.57,0.3137,cours
2025-01-10 00:30:00,1736469000,3312,162.44,1.1,0.3856,cours
2025-01-10 00:45:00,1736469900,4485,162.95,1.12,0.4225,cours
2025-01-10 01:00:00,1736470800,1156,41.41,0.28,0.1103,autre
2025-01-10 01:15:00,1736471700,1576,61.98,0.34,0.1764,autre
2025-01-10 01:30:00,1736472600,4079,222.32,0.98,0.5503,cours
2025-01-10 01:45:00,1736473500,3825,108.38,0.66,0.2491,cours
2025-01-10 02:00:00,1736474400,858,48.18,0.24,0.1081,autre
2025-01-10 02:15:00,1736475300,3146,106.66,0.48,0.2623,cours
2025-01-10 02:30:00,1736476200,3838,147.16,0.89,0.3666,cours
2025-01-10 02:45:00,1736477100,3204,70.93,0.31,0.1979,cours
2025-01-10 03:00:00,1736478000,850,28.94,0.14,0.0715,autre
2025-01-10 03:15:00,1736478900,1195,46.46,0.26,0.1198,autre
2025-01-10 03:30:00,1736479800,2493,66.04,0.28,0.1608,cours
2025-01-10 03:45:00,1736480700,4639,179.11,1.37,0.4606,cours
2025-01-10 04:00:00,1736481600,4817,241.73,1.17,0.6463,cours
2025-01-10 04:15:00,1736482500,764,18.8,0.09,0.0523,autre
2025-01-10 04:30:00,1736483400,1378,63.69,0.3,0.167,cours
2025-01-10 04:45:00,1736484300,2892,96.5,0.71,0.2683,cours
2025-01-10 05:00:00,1736485200,1189,49.15,0.29,0.1337,autre
2025-01-10 05:15:00,1736486100,3477,126.1,0.66,0.281,cours
2025-01-10 05:30:00,1736487000,500,14.35,0.06,0.0364,autre
2025-01-10 05:45:00,1736487900,2995,87.95,0.34,0.2181,cours
2025-01-10 06:00:00,1736488800,4340,124.59,0.62,0.2849,cours
2025-01-10 06:15:00,1736489700,4046,136.15,0.83,0.3029,cours
2025-01-10 06:30:00,1736490600,728,33.63,0.23,0.0824,autre
2025-01-10 06:45:00,1736491500,689,38.79,0.15,0.0899,autre
2025-01-10 07:00:00,1736492400,682,32.66,0.2,0.0853,autre
2025-01-10 07:15:00,1736493300,2577,112.6,0.85,0.2959,cours
2025-01-10 07:30:00,1736494200,1284,34.49,0.18,0.0884,autre
2025-01-10 07:45:00,1736495100,3177,110.2,0.72,0.2641,cours
2025-01-10 08:00:00,1736496000,4717,167.26,0.68,0.3999,cours
2025-01-10 08:15:00,1736496900,1256,38.33,0.29,0.1005,autre
2025-01-10 08:30:00,1736497800,4498,165.38,1.2,0.4552,cours
2025-01-10 08:45:00,1736498700,3068,130.39,0.92,0.3155,cours
2025-01-10 09:00:00,1736499600,3903,125.4,0.87,0.3456,cours
2025-01-10 09:15:00,1736500500,3475,125.15,0.63,0.3069,cours
2025-01-10 09:30:00,1736501400,2596,137.47,0.95,0.3278,cours
2025-01-10 09:45:00,1736502300,3824,197.81,0.9,0.4709,cours
2025-01-10 10:00:00,1736503200,2320,83.51,0.39,0.1963,cours
2025-01-10 10:15:00,1736504100,1156,67.28,0.39,0.1539,autre
2025-01-10 10:30:00,1736505000,660,35.96,0.24,0.0899,autre
2025-01-10 10:45:00,1736505900,3701,134.86,0.92,0.3188,cours
2025-01-10 11:00:00,1736506800,3783,137.68,0.6,0.3342,cours
2025-01-10 11:15:00,1736507700,3241,120.02,0.88,0.3256,cours
2025-01-10 11:30:00,1736508600,4086,194.9,1.44,0.5528,cours
2025-01-10 11:45:00,1736509500,3025,148.95,0.63,0.3936,cours
2025-01-10 12:00:00,1736510400,1061,28.53,0.15,0.0724,autre
2025-01-10 12:15:00,1736511300,2154,81.07,0.38,0.1969,cours
2025-01-10 12:30:00,1736512200,3626,164.46,0.74,0.3781,cours
2025-01-10 12:45:00,1736513100,5438,201.51,1.62,0.5452,cours
2025-01-10 13:00:00,1736514000,2499,68.41,0.46,0.1887,cours
2025-01-10 13:15:00,1736514900,596,34.24,0.2,0.0767,autre
2025-01-10 13:30:00,1736515800,954,39.29,0.32,0.1089,autre
2025-01-10 13:45:00,1736516700,3679,185.94,0.97,0.4674,cours
2025-01-10 14:00:00,1736517600,905,47.59,0.31,0.1165,autre
2025-01-10 14:15:00,1736518500,3989,193.24,1.03,0.4782,cours
2025-01-10 14:30:00,1736519400,990,33.78,0.26,0.0942,autre
2025-01-10 14:45:00,1736520300,1132,43.83,0.22,0.1232,autre
2025-01-10 15:00:00,1736521200,3909,102.64,0.83,0.2847,cours
2025-01-10 15:15:00,1736522100,3258,151.6,0.68,0.3711,cours
2025-01-10 15:30:00,1736523000,4172,125.43,0.62,0.3101,cours
2025-01-10 15:45:00,1736523900,5399,232.86,1.64,0.6237,cours
2025-01-10 16:00:00,1736524800,760,24.64,0.12,0.0596,autre
2025-01-10 16:15:00,1736525700,2525,75.71,0.42,0.1752,cours
2025-01-10 16:30:00,1736526600,4607,119.47,0.73,0.3373,cours
2025-01-10 16:45:00,1736527500,763,18.35,0.12,0.0459,autre
2025-01-10 17:00:00,1736528400,148,7.29,0.03,0.0174,autre
2025-01-10 17:15:00,1736529300,4347,193.44,0.82,0.5155,cours
2025-01-10 17:30:00,1736530200,2964,114.21,0.58,0.2999,cours
2025-01-10 17:45:00,1736531100,3409,102.24,0.55,0.2485,cours
2025-01-10 18:00:00,1736532000,3831,112.35,0.45,0.2555,cours
2025-01-10 18:15:00,1736532900,857,22.73,0.11,0.0527,autre
2025-01-10 18:30:00,1736533800,4209,125.9,0.65,0.3084,cours
2025-01-10 18:45:00,1736534700,3064,170.14,0.64,0.4022,cours
2025-01-10 19:00:00,1736535600,4013,123.03,0.76,0.3183,cours
2025-01-10 19:15:00,1736536500,3240,118.53,0.81,0.2862,cours
2025-01-10 19:30:00,1736537400,1021,27.71,0.12,0.0699,autre
2025-01-10 19:45:00,1736538300,984,28.24,0.18,0.0765,autre
2025-01-10 20:00:00,1736539200,2564,109.39,0.65,0.2603,cours
2025-01-10 20:15:00,1736540100,4585,202.02,1.06,0.498,cours
2025-01-10 20:30:00,1736541000,2964,91.07,0.6,0.236,cours
2025-01-10 20:45:00,1736541900,1042,29.7,0.14,0.0673,autre
2025-01-10 21:00:00,1736542800,910,29.25,0.19,0.0831,autre
2025-01-10 21:15:00,1736543700,5338,160.37,0.64,0.4203,cours
2025-01-10 21:30:00,1736544600,732,20.19,0.14,0.0568,autre
2025-01-10 21:45:00,1736545500,695,40.56,0.24,0.0951,autre
2025-01-10 22:00:00,1736546400,3480,159.84,0.59,0.3804,cours
2025-01-10 22:15:00,1736547300,709,28.4,0.15,0.0741,autre
2025-01-10 22:30:00,1736548200,4299,167.42,1.19,0.4009,cours
2025-01-10 22:45:00,1736549100,1883,69.19,0.38,0.1776,cours
2025-01-10 23:00:00,1736550000,2446,107.51,0.57,0.2526,cours
2025-01-10 23:15:00,1736550900,2432,111.28,0.81,0.2814,cours
2025-01-10 23:30:00,1736551800,4450,202.25,1.33,0.517,cours
2025-01-10 23:45:00,1736552700,1313,42.93,0.23,0.0968,autre
2025-01-11 00:00:00,1736553600,3395,127.35,0.92,0.3395,cours
2025-01-11 00:15:00,1736554500,749,25.21,0.19,0.0696,autre
2025-01-11 00:30:00,1736555400,3570,189.04,1.01,0.4628,cours
2025-01-11 00:45:00,1736556300,4661,230.22,1.14,0.5151,cours
2025-01-11 01:00:00,1736557200,2572,102.33,0.55,0.2639,cours
2025-01-11 01:15:00,1736558100,3738,92.18,0.76,0.2588,cours
2025-01-11 01:30:00,1736559000,1092,45.47,0.3,0.1184,autre
2025-01-11 01:45:00,1736559900,4001,111.19,0.45,0.2776,cours
2025-01-11 02:00:00,1736560800,3689,117.5,0.9,0.3209,cours
2025-01-11 02:15:00,1736561700,4501,133.68,0.71,0.3215,cours
2025-01-11 02:30:00,1736562600,50,2.59,0.01,0.0058,autre
2025-01-11 02:45:00,1736563500,1003,30.32,0.18,0.0767,autre
2025-01-11 03:00:00,1736564400,603,21.23,0.12,0.0551,autre
2025-01-11 03:15:00,1736565300,1669,85.71,0.62,0.2197,cours
2025-01-11 03:30:00,1736566200,4011,110.7,0.55,0.3062,cours
2025-01-11 03:45:00,1736567100,4873,214.93,1.34,0.4903,cours
2025-01-11 04:00:00,1736568000,3362,123.12,0.73,0.3145,cours
2025-01-11 04:15:00,1736568900,4452,106.35,0.43,0.2736,cours
2025-01-11 04:30:00,1736569800,5112,262.45,1.87,0.6309,cours
2025-01-11 04:45:00,1736570700,4814,124.34,0.72,0.3154,cours
2025-01-11 05:00:00,1736571600,5139,208.79,0.97,0.5033,cours
2025-01-11 05:15:00,1736572500,1022,38.16,0.24,0.1072,autre
2025-01-11 05:30:00,1736573400,3575,170.06,1.1,0.3942,cours
2025-01-11 05:45:00,1736574300,1898,97.0,0.43,0.2184,cours
2025-01-11 06:00:00,1736575200,726,24.17,0.1,0.0583,autre
2025-01-11 06:15:00,1736576100,2656,71.93,0.27,0.1615,cours
2025-01-11 06:30:00,1736577000,1451,62.45,0.33,0.171,autre
2025-01-11 06:45:00,1736577900,3324,135.98,0.91,0.3419,cours
2025-01-11 07:00:00,1736578800,3623,188.57,1.01,0.4597,cours
2025-01-11 07:15:00,1736579700,965,49.52,0.22,0.1213,autre
2025-01-11 07:30:00,1736580600,813,40.43,0.18,0.1036,autre
2025-01-11 07:45:00,1736581500,1308,49.6,0.26,0.1292,autre
2025-01-11 08:00:00,1736582400,2877,90.46,0.73,0.2494,cours
2025-01-11 08:15:00,1736583300,3694,177.29,0.92,0.4556,cours
2025-01-11 08:30:00,1736584200,2757,97.04,0.79,0.265,cours
2025-01-11 08:45:00,1736585100,2179,68.9,0.36,0.1627,cours
2025-01-11 09:00:00,1736586000,616,29.33,0.14,0.0791,autre
2025-01-11 09:15:00,1736586900,3462,160.9,1.28,0.4522,cours
2025-01-11 09:30:00,1736587800,671,26.46,0.14,0.0653,autre
2025-01-11 09:45:00,1736588700,2807,75.93,0.48,0.1854,cours
